City_ID,City,Country,Lat,Lng,Max Temp,Humidity,Cloudiness,Wind Speed,Current Description
0,Gorin,RU,51.2,136.67,-15.5,87,100,4.12,overcast clouds
1,Busselton,AU,-33.65,115.33,68.13,72,0,14.12,clear sky
2,Puerto Ayora,EC,-0.74,-90.35,86.0,48,0,18.34,clear sky
3,Avarua,CK,-21.21,-159.78,80.6,83,22,8.05,light rain
4,Bathsheba,BB,13.22,-59.52,78.8,83,75,11.41,broken clouds
5,Vao,NC,-22.67,167.48,77.9,83,100,25.66,light rain
6,Port Alfred,ZA,-33.59,26.89,68.0,87,0,6.29,clear sky
7,Inyonga,TZ,-6.72,32.07,68.13,81,100,1.77,overcast clouds
8,Alofi,NU,-19.06,-169.92,75.2,100,83,1.12,light rain
9,Xinzhi,CN,36.5,111.7,14.56,58,0,3.06,clear sky
10,Jibuti,DJ,11.5,42.5,77.0,69,20,3.36,few clouds
11,East London,ZA,-33.02,27.91,68.0,94,75,5.82,light rain
12,Darnah,LY,32.77,22.64,60.06,50,0,10.78,clear sky
13,Mataura,NZ,-46.19,168.86,55.99,89,100,1.01,overcast clouds
14,Mombasa,KE,-4.05,39.66,80.6,83,20,9.17,few clouds
15,Carnarvon,AU,-24.87,113.63,75.2,88,55,12.75,broken clouds
16,Bluff,NZ,-46.6,168.33,55.99,89,99,1.01,overcast clouds
17,Punta Arenas,CL,-53.15,-70.92,59.0,47,75,20.8,broken clouds
18,Rikitea,PF,-23.12,-134.97,77.79,77,0,11.21,light rain
19,Tucumcari,US,35.17,-103.72,35.6,40,1,8.05,clear sky
20,Newport,GB,51.59,-3.0,39.0,93,91,5.06,overcast clouds
21,Lata,PT,40.16,-8.33,50.0,86,0,0.98,clear sky
22,Khatanga,RU,71.97,102.5,-29.04,82,0,3.51,clear sky
23,Jamestown,US,42.1,-79.24,42.01,55,75,17.22,broken clouds
24,Jalu,LY,29.03,21.55,57.69,40,8,6.6,clear sky
25,Salalah,OM,17.02,54.09,73.4,64,0,4.7,clear sky
26,Faya,SA,18.39,42.45,59.0,82,0,5.82,clear sky
27,Pointe Michel,DM,15.25,-61.38,86.0,70,40,2.24,scattered clouds
28,New Norfolk,AU,-42.78,147.06,55.0,73,100,1.01,overcast clouds
29,Beringovskiy,RU,63.05,179.32,5.43,94,100,17.4,overcast clouds
30,Ternate,ID,0.8,127.4,80.73,78,82,5.5,light rain
31,Makhu,IN,31.1,75.0,44.53,59,0,4.07,clear sky
32,Del Rio,US,29.36,-100.9,60.8,71,90,14.99,overcast clouds
33,Portland,US,45.52,-122.68,46.0,81,90,8.05,overcast clouds
34,Cabo San Lucas,MX,22.89,-109.91,71.01,48,5,12.75,clear sky
35,Srednekolymsk,RU,67.45,153.68,-36.35,82,100,8.12,overcast clouds
36,Kapaa,US,22.08,-159.32,68.0,88,20,6.93,light rain
37,Hithadhoo,MV,-0.6,73.08,82.89,75,9,7.45,light rain
38,Lethem,GY,3.38,-59.8,86.54,57,90,2.57,overcast clouds
39,Ponta Do Sol,PT,32.67,-17.1,60.01,82,40,10.29,light intensity shower rain
40,Saint-Philippe,RE,-21.36,55.77,78.8,78,0,26.4,light rain
41,Havre-Saint-Pierre,CA,50.23,-63.6,12.2,66,1,20.8,clear sky
42,Vaini,TO,-21.2,-175.2,77.0,83,75,6.93,broken clouds
43,Westport,US,41.14,-73.36,39.0,59,1,6.93,clear sky
44,Mul,IN,20.07,79.67,62.38,63,0,3.15,clear sky
45,Akyab,MM,20.15,92.9,66.33,60,0,5.17,clear sky
46,Albany,US,42.6,-73.97,34.0,46,100,11.03,overcast clouds
47,Nador,MA,35.17,-2.93,51.8,57,0,3.36,clear sky
48,Hermanus,ZA,-34.42,19.23,66.0,81,0,4.0,clear sky
49,Chingola,ZM,-12.53,27.88,64.96,98,100,4.14,light rain
50,Dehra Dun,IN,30.32,78.03,48.7,47,0,4.79,clear sky
51,Kemang,ID,-3.35,104.34,73.42,97,100,4.5,heavy intensity rain
52,San Patricio,US,28.02,-97.52,75.99,73,75,25.28,broken clouds
53,Butaritari,KI,3.07,172.79,81.25,78,88,22.03,light rain
54,La Palma,US,33.85,-118.05,64.99,38,1,4.7,clear sky
55,Yerbogachen,RU,61.28,108.01,-21.08,86,93,4.25,overcast clouds
56,Bintulu,MY,3.17,113.03,77.0,94,20,3.36,few clouds
57,Bahia Blanca,AR,-38.72,-62.27,72.55,27,0,22.75,clear sky
58,Souillac,MU,-20.52,57.52,75.2,94,40,14.99,shower rain
59,Arraial Do Cabo,BR,-22.97,-42.03,84.2,62,0,12.75,clear sky
60,Taoudenni,ML,22.68,-3.98,73.67,25,0,3.38,clear sky
61,Tadine,NC,-21.55,167.88,78.66,82,100,20.45,moderate rain
62,Iowa City,US,41.66,-91.53,24.8,73,90,20.8,overcast clouds
63,Hilo,US,19.73,-155.09,72.0,64,1,6.93,clear sky
64,Baglung,NP,28.27,83.59,48.87,43,0,5.59,clear sky
65,Saldanha,ZA,-33.01,17.94,68.0,64,0,11.41,clear sky
66,Sitka,US,57.05,-135.33,39.2,93,90,4.36,mist
67,Torbay,CA,47.67,-52.73,32.0,63,90,24.16,overcast clouds
68,Aginskoye,RU,51.1,114.53,-7.31,85,0,13.2,clear sky
69,Thap Than,TH,15.46,99.89,77.0,47,99,8.79,overcast clouds
70,Bredasdorp,ZA,-34.53,20.04,68.0,64,0,18.34,clear sky
71,Kruisfontein,ZA,-34.0,24.73,68.0,79,0,1.01,clear sky
72,Airai,TL,-8.93,125.41,61.99,100,100,0.45,overcast clouds
73,Marsa Matruh,EG,31.35,27.25,62.11,68,11,6.6,few clouds
74,Tuatapere,NZ,-46.13,167.68,55.99,89,100,1.01,overcast clouds
75,Thompson,CA,55.74,-97.86,5.0,84,90,2.24,light snow
76,Ribeira Grande,PT,38.52,-28.7,60.8,72,40,18.34,scattered clouds
77,Dikson,RU,73.51,80.55,-20.85,84,16,7.18,few clouds
78,Zhigansk,RU,66.77,123.37,-7.28,88,77,23.98,broken clouds
79,Itarema,BR,-2.92,-39.92,84.9,64,57,18.23,broken clouds
80,Castro,BR,-24.79,-50.01,77.31,74,11,6.96,few clouds
81,Gidole,ET,5.65,37.37,62.02,82,78,3.4,broken clouds
82,Sarany,RU,58.5,58.88,-5.89,92,100,2.55,light snow
83,Barrow,US,71.29,-156.79,-9.4,69,1,14.99,haze
84,Igarka,RU,67.47,86.58,-14.91,76,5,6.26,clear sky
85,Qasigiannguit,GL,68.82,-51.19,28.4,58,40,10.29,scattered clouds
86,Gizo,SB,-8.1,156.84,83.07,73,100,10.87,light rain
87,Alice Springs,AU,-23.7,133.88,66.2,52,0,3.36,clear sky
88,Tura,IN,25.52,90.22,58.08,61,0,4.07,clear sky
89,Teknaf,BD,20.86,92.31,64.15,67,81,7.25,broken clouds
90,Hobart,AU,-42.88,147.33,55.0,87,90,10.29,overcast clouds
91,Karratha,AU,-20.74,116.85,85.96,70,0,7.99,clear sky
92,Upernavik,GL,72.79,-56.15,22.93,86,100,11.25,overcast clouds
93,Bethel,US,41.37,-73.41,37.0,43,1,12.75,clear sky
94,Asyut,EG,27.18,31.18,57.25,43,0,8.1,clear sky
95,Datong,CN,40.09,113.29,1.94,72,0,4.83,clear sky
96,Suicheng,CN,33.9,117.93,12.72,85,0,6.71,clear sky
97,Mehamn,NO,71.04,27.85,28.4,63,0,3.36,clear sky
98,Tasiilaq,GL,65.61,-37.64,14.0,72,20,2.24,few clouds
99,Kudahuvadhoo,MV,2.67,72.89,82.72,73,39,5.28,scattered clouds
100,Inhambane,MZ,-23.86,35.38,81.55,85,100,8.88,overcast clouds
101,Saryg-Sep,RU,51.5,95.6,-20.52,81,100,1.16,overcast clouds
102,Riyadh,SA,24.69,46.72,55.4,71,0,2.24,clear sky
103,Nalut,LY,30.33,10.85,54.09,37,0,8.61,clear sky
104,Geraldton,AU,-28.77,114.6,68.0,82,75,5.82,haze
105,Esso,RU,55.93,158.7,7.95,88,85,1.16,overcast clouds
106,Tabory,RU,58.52,64.55,-21.86,87,0,3.31,clear sky
107,Santo Tomas,PH,14.11,121.14,80.6,74,75,8.05,light rain
108,Pevek,RU,69.7,170.31,-7.76,91,100,11.9,light snow
109,Buin,CL,-33.73,-70.75,90.0,25,0,6.93,clear sky
110,Clyde River,CA,70.47,-68.59,-11.2,83,75,6.51,broken clouds
111,Saskylakh,RU,71.92,114.08,-24.88,84,38,7.7,scattered clouds
112,Mar Del Plata,AR,-38.0,-57.56,73.4,43,40,18.34,scattered clouds
113,Diffa,NE,13.32,12.61,74.59,19,0,7.11,clear sky
114,Krasnoslobodsk,RU,48.71,44.57,23.0,92,90,11.18,fog
115,Constitucion,CL,-35.33,-72.42,69.28,35,0,21.65,clear sky
116,Faanui,PF,-16.48,-151.75,81.27,77,99,18.1,overcast clouds
117,Wad Rawah,SD,15.16,33.14,75.83,26,0,10.2,clear sky
118,Bambous Virieux,MU,-20.34,57.76,78.01,94,40,14.99,shower rain
119,Talnakh,RU,69.49,88.4,-9.4,52,0,4.47,smoke
120,Sayyan,YE,15.17,44.32,48.76,55,0,3.89,clear sky
121,Prince Rupert,CA,54.32,-130.32,41.0,93,90,7.14,moderate rain
122,Ushuaia,AR,-54.8,-68.3,51.8,50,75,3.36,broken clouds
123,Tabursuq,TN,36.46,9.25,50.0,61,40,5.82,scattered clouds
124,Yerofey Pavlovich,RU,53.97,121.97,-19.75,82,1,3.49,clear sky
125,Zapadnaya Dvina,RU,56.26,32.07,34.16,93,100,9.22,overcast clouds
126,Hami,CN,42.8,93.45,13.78,69,0,2.75,clear sky
127,Qaanaaq,GL,77.48,-69.36,7.03,73,49,11.18,scattered clouds
128,Petauke,ZM,-14.24,31.33,69.6,82,100,3.13,overcast clouds
129,Porto Novo,BJ,6.5,2.6,84.2,79,100,9.17,haze
130,Fiditi,NG,7.71,3.92,84.02,30,9,2.15,clear sky
131,Atuona,PF,-9.8,-139.03,78.58,75,1,21.03,clear sky
132,Grindavik,IS,63.84,-22.43,28.4,92,0,5.82,clear sky
133,Lorica,CO,9.24,-75.81,84.2,70,75,4.7,broken clouds
134,Yellowknife,CA,62.46,-114.35,-4.0,76,90,2.21,light snow
135,Chum Phae,TH,16.54,102.1,61.86,70,1,4.0,clear sky
136,Vila Do Maio,CV,15.13,-23.22,77.0,69,40,21.92,scattered clouds
137,Port Elizabeth,ZA,-33.92,25.57,68.0,77,0,3.36,clear sky
138,Nahrin,AF,36.06,69.13,29.91,69,0,3.49,clear sky
139,Kahului,US,20.89,-156.47,73.4,64,20,11.41,few clouds
140,Catuday,PH,16.29,119.81,78.28,79,85,11.86,overcast clouds
141,Babra,IN,21.85,71.3,57.4,37,0,12.64,clear sky
142,Lebu,CL,-37.62,-73.65,59.67,61,0,20.49,clear sky
143,Leningradskiy,RU,69.38,178.42,-5.64,90,97,4.25,overcast clouds
144,Ilulissat,GL,69.22,-51.1,28.4,58,40,10.29,scattered clouds
145,Georgetown,MY,5.41,100.34,77.0,94,20,2.24,few clouds
146,Zhuanghe,CN,39.7,122.99,10.18,73,0,8.21,clear sky
147,Kavieng,PG,-2.57,150.8,82.11,73,100,4.54,moderate rain
148,Kieta,PG,-6.22,155.63,80.08,77,100,1.19,light rain
149,La Ronge,CA,55.1,-105.28,-0.4,84,100,3.87,overcast clouds
150,Eureka,US,40.8,-124.16,52.0,81,90,5.82,overcast clouds
151,Harper,LR,4.38,-7.72,80.28,81,51,7.92,light rain
152,Dhidhdhoo,MV,6.88,73.1,82.38,74,98,8.77,overcast clouds
153,Ayagoz,KZ,47.97,80.44,4.87,94,97,11.97,overcast clouds
154,Longyearbyen,SJ,78.22,15.64,28.4,92,75,2.24,broken clouds
155,Santa Fe,AR,-31.63,-60.7,81.05,25,100,17.2,overcast clouds
156,Codrington,AU,-38.27,141.97,53.85,88,0,11.25,clear sky
157,Prieska,ZA,-29.66,22.75,83.44,15,49,4.03,scattered clouds
158,Udachnyy,RU,66.42,112.4,-5.8,83,75,6.71,broken clouds
159,Vagur,FO,61.47,-6.81,40.64,88,100,27.16,light rain
160,Inta,RU,66.03,60.17,-23.98,81,0,5.59,clear sky
161,Zambezi,ZM,-13.54,23.1,67.93,93,100,4.45,light rain
162,Krasnoselkup,RU,65.7,82.47,-11.97,85,91,9.93,overcast clouds
163,Ostrovnoy,RU,68.05,39.51,14.67,94,90,14.25,overcast clouds
164,Arnedo,ES,42.22,-2.1,44.6,70,90,11.41,overcast clouds
165,Severo-Kurilsk,RU,50.68,156.12,21.83,86,29,4.61,scattered clouds
166,Kokopo,PG,-4.35,152.26,76.62,82,100,3.67,overcast clouds
167,Tiksi,RU,71.69,128.87,-9.53,90,99,6.31,overcast clouds
168,Wajima,JP,37.4,136.9,30.43,96,100,25.7,light snow
169,Meulaboh,ID,4.14,96.13,76.33,90,100,5.48,overcast clouds
170,Hyeres,FR,43.12,6.12,46.4,49,0,14.99,clear sky
171,Woodstock,CA,43.13,-80.75,39.0,93,100,10.29,light rain
172,Saint-Augustin,CA,51.23,-58.65,17.62,88,93,18.97,overcast clouds
173,Tuktoyaktuk,CA,69.45,-133.04,-20.2,75,90,8.05,shower rain
174,Vallenar,CL,-28.57,-70.76,89.83,24,0,12.91,clear sky
175,Svetlograd,RU,45.34,42.85,26.6,100,20,15.66,few clouds
176,Maragogi,BR,-9.01,-35.22,80.47,74,3,12.8,clear sky
177,Pangnirtung,CA,66.15,-65.71,12.2,61,90,11.41,shower rain
178,Bloomingdale,US,27.89,-82.24,78.01,44,90,11.41,overcast clouds
179,Kaeo,NZ,-35.1,173.78,55.0,90,97,2.19,overcast clouds
180,Cidreira,BR,-30.18,-50.21,82.85,66,24,9.01,few clouds
181,Henties Bay,NA,-22.12,14.28,64.99,85,98,1.01,overcast clouds
182,Bengkulu,ID,-3.8,102.27,75.49,86,100,4.34,moderate rain
183,Vila Franca Do Campo,PT,37.72,-25.43,57.2,82,40,10.29,scattered clouds
184,Charters Towers,AU,-20.1,146.27,71.78,93,100,10.31,light rain
185,Eyrarbakki,IS,63.86,-21.15,23.0,79,0,3.36,clear sky
186,Chuy,UY,-33.7,-53.46,72.72,86,100,11.1,moderate rain
187,Cayenne,GF,4.93,-52.33,82.4,83,75,8.05,moderate rain
188,Jonesboro,US,35.84,-90.7,55.4,93,90,10.29,moderate rain
189,Eydhafushi,MV,5.1,73.07,82.13,78,11,14.23,moderate rain
190,Sitangkai,PH,4.66,119.39,81.52,78,78,7.83,broken clouds
191,Huarmey,PE,-10.07,-78.15,74.48,70,40,8.84,scattered clouds
192,Vila Velha,BR,-20.33,-40.29,84.2,62,0,20.8,clear sky
193,San Cristobal,VE,7.77,-72.22,80.6,65,40,11.41,shower rain
194,Luderitz,NA,-26.65,15.16,64.4,82,1,25.28,clear sky
195,Porto Walter,BR,-8.27,-72.74,84.02,87,100,2.77,moderate rain
196,Kawalu,ID,-7.38,108.21,71.38,93,100,2.17,moderate rain
197,Rupert,US,42.62,-113.68,21.2,85,90,3.36,overcast clouds
198,Yovon,TJ,38.31,69.04,30.2,80,0,2.24,mist
199,Kaitangata,NZ,-46.28,169.85,60.01,90,94,8.01,overcast clouds
200,Hofn,IS,64.25,-15.21,26.6,58,0,11.41,clear sky
201,Te Anau,NZ,-45.42,167.72,53.64,85,56,1.14,broken clouds
202,Naantali,FI,60.47,22.02,39.2,86,40,11.41,scattered clouds
203,Kormilovka,RU,55.0,74.1,-23.8,67,0,6.71,clear sky
204,Sao Luiz Gonzaga,BR,-28.41,-54.96,92.71,39,17,9.64,light rain
205,Xichang,CN,27.9,102.26,36.07,78,100,3.2,overcast clouds
206,Benguela,AO,-12.58,13.41,77.16,78,100,5.5,overcast clouds
207,Rio Grande,BR,-32.03,-52.1,93.2,52,40,11.41,scattered clouds
208,Fairbanks,US,64.84,-147.72,12.0,76,75,3.36,broken clouds
209,Chokurdakh,RU,70.63,147.92,-22.59,88,100,5.08,overcast clouds
210,Ilhabela,BR,-23.78,-45.36,81.63,69,0,8.32,clear sky
211,Lasa,IT,46.62,10.7,32.0,67,75,4.7,broken clouds
212,Yar-Sale,RU,66.83,70.83,-15.83,89,91,4.94,overcast clouds
213,Dawlatabad,AF,36.41,64.91,24.24,88,0,0.45,clear sky
214,Yei,SS,4.09,30.68,80.11,38,81,0.83,broken clouds
215,Talcahuano,CL,-36.72,-73.12,69.8,43,0,17.22,clear sky
216,Marrakesh,MA,31.63,-8.01,57.2,54,20,3.36,few clouds
217,Rabat,MA,33.99,-6.84,51.8,66,0,5.82,clear sky
218,Lompoc,US,34.64,-120.46,59.0,70,1,3.36,clear sky
219,California City,US,35.13,-117.99,48.99,31,1,3.36,clear sky
220,Petrolina De Goias,BR,-16.09,-49.34,89.6,42,75,3.36,light rain
221,Bondoukou,CI,8.03,-2.8,81.72,20,9,2.26,clear sky
222,Salinopolis,BR,-0.61,-47.36,84.31,66,84,10.74,broken clouds
223,Gazanjyk,TM,39.24,55.52,30.58,94,0,11.74,clear sky
224,Kavaratti,IN,10.57,72.64,82.04,74,0,6.24,clear sky
225,Mahur,IN,25.17,93.12,52.11,82,0,1.19,clear sky
226,Pacific Grove,US,36.62,-121.92,53.01,61,1,3.36,clear sky
227,Belyy Yar,RU,53.6,91.39,-5.8,76,100,1.25,smoke
228,Casablanca,MA,33.59,-7.62,55.4,62,0,13.87,clear sky
229,Kysyl-Syr,RU,63.9,122.76,-10.68,88,100,8.55,overcast clouds
230,Aklavik,CA,68.22,-135.01,-16.6,75,75,3.36,broken clouds
231,Okahandja,NA,-21.98,16.92,66.0,86,100,1.99,heavy intensity rain
232,Belen,TR,36.49,36.22,42.8,81,0,5.82,clear sky
233,Saint George,US,37.1,-113.58,42.01,34,1,4.7,clear sky
234,Kenai,US,60.55,-151.26,28.0,92,1,3.36,clear sky
235,Acari,PE,-15.43,-74.62,81.7,49,13,12.08,few clouds
236,Cape Town,ZA,-33.93,18.42,70.0,56,0,11.41,clear sky
237,Serenje,ZM,-13.23,30.24,65.84,91,100,2.75,moderate rain
238,Andra,RU,62.51,65.89,-21.19,86,90,4.47,overcast clouds
239,Sistranda,NO,63.73,8.83,35.6,74,0,11.41,clear sky
240,Narsaq,GL,60.92,-46.05,24.8,58,90,3.36,overcast clouds
241,Shenjiamen,CN,29.96,122.3,28.87,92,0,29.06,clear sky
242,Husavik,IS,66.04,-17.34,17.6,85,75,4.7,broken clouds
243,Boende,CD,-0.22,20.87,75.0,91,100,1.1,light rain
244,Namibe,AO,-15.2,12.15,71.13,75,82,7.4,broken clouds
245,Dingle,PH,11.0,122.67,76.91,88,100,7.56,light rain
246,Nikolskoye,RU,59.7,30.79,35.6,91,90,11.18,overcast clouds
247,Lodja,CD,-3.48,23.43,71.56,93,100,1.34,overcast clouds
248,Lolodorf,CM,3.23,10.73,72.63,94,11,3.51,few clouds
249,Kautokeino,NO,69.01,23.04,19.36,96,100,4.88,overcast clouds
250,Totness,SR,5.88,-56.32,82.27,74,56,8.59,broken clouds
251,Inuvik,CA,68.35,-133.72,-14.8,75,64,1.12,broken clouds
252,Bushehr,IR,28.97,50.84,62.6,63,0,6.93,clear sky
253,Damietta,EG,31.42,31.81,62.73,71,0,8.34,clear sky
254,Ossora,RU,59.24,163.07,8.76,93,100,18.12,light snow
255,Madimba,TZ,-10.4,40.33,80.6,83,75,11.41,broken clouds
256,Chulman,RU,56.85,124.91,-22.13,83,100,13.76,light snow
257,Ancud,CL,-41.87,-73.82,63.0,58,75,10.29,broken clouds
258,Lahan,NP,26.73,86.5,58.96,55,0,3.6,clear sky
259,Mackay,AU,-21.15,149.2,73.4,94,75,10.29,broken clouds
260,Lorengau,PG,-2.02,147.27,81.5,68,100,3.96,overcast clouds
261,Shimoda,JP,34.67,138.95,30.99,51,0,1.01,clear sky
262,Tessalit,ML,20.2,1.01,70.38,25,80,2.21,broken clouds
263,San Pedro,PH,14.35,121.02,80.6,74,75,8.05,light rain
264,Wasilla,US,61.58,-149.44,33.8,55,90,8.05,light snow
265,Negombo,LK,7.21,79.84,78.8,88,20,5.82,thunderstorm
266,Wittenheim,FR,47.81,7.34,37.99,88,86,5.01,overcast clouds
267,Mozarlandia,BR,-14.74,-50.57,90.64,50,100,2.62,overcast clouds
268,Saint-Pierre,RE,-21.34,55.48,78.8,78,0,26.4,clear sky
269,Half Moon Bay,US,37.46,-122.43,53.6,81,40,3.36,scattered clouds
270,Port Blair,IN,11.67,92.75,79.23,75,34,12.46,scattered clouds
271,Iracoubo,GF,5.48,-53.2,82.08,74,100,7.63,overcast clouds
272,Roma,US,43.21,-75.46,34.0,81,40,10.29,scattered clouds
273,Manuk Mangkaw,PH,4.8,119.85,81.77,78,72,9.8,broken clouds
274,Waitati,NZ,-45.75,170.57,57.0,88,100,5.57,overcast clouds
275,Iquitos,PE,-3.75,-73.25,89.6,62,75,5.82,light rain
276,Atbasar,KZ,51.8,68.33,-14.62,88,53,5.73,broken clouds
277,Coihaique,CL,-45.58,-72.07,55.4,54,90,8.05,overcast clouds
278,Muros,ES,42.78,-9.06,50.0,95,99,1.99,light rain
279,Mocuba,MZ,-16.84,36.99,78.8,81,100,5.46,overcast clouds
280,Murray,US,40.67,-111.89,33.01,79,1,16.11,clear sky
281,Rawson,AR,-43.3,-65.1,64.11,40,75,18.52,broken clouds
282,Chapais,CA,49.78,-74.85,12.2,85,90,8.05,overcast clouds
283,Conceicao Da Barra,BR,-18.59,-39.73,81.88,65,0,10.71,clear sky
284,Bileca,BA,42.87,18.43,55.4,71,40,9.17,light rain
285,Kodiak,US,57.79,-152.41,37.4,74,90,18.34,overcast clouds
286,Wakkanai,JP,45.41,141.67,18.05,94,100,27.51,light snow
287,Omboue,GA,-1.57,9.26,78.1,89,100,4.79,overcast clouds
288,Mahebourg,MU,-20.41,57.7,75.2,94,40,14.99,shower rain
289,Saint-Francois,FR,46.42,3.91,37.4,86,90,4.7,overcast clouds
290,Valley City,US,46.92,-98.0,17.6,92,75,18.34,light snow
291,Gilgit,PK,35.92,74.31,22.59,52,0,2.93,clear sky
292,Moerai,PF,-22.43,-151.33,80.01,73,96,6.89,overcast clouds
293,Zaltan,LY,32.95,11.87,58.01,49,0,11.86,clear sky
294,Petropavlovka,RU,50.61,105.32,-19.01,75,0,3.85,clear sky
295,Hasaki,JP,35.73,140.83,34.0,50,40,16.11,scattered clouds
296,Fortuna,US,40.6,-124.16,52.0,47,90,17.22,overcast clouds
297,Nome,US,64.5,-165.41,21.2,85,1,4.7,clear sky
298,Fiumicino,IT,41.77,12.23,51.8,71,20,10.29,few clouds
299,Sorong,ID,-0.88,131.25,80.76,79,100,2.75,overcast clouds
300,Vitoria Da Conquista,BR,-14.87,-40.84,76.82,57,45,8.37,scattered clouds
301,La Asuncion,VE,11.03,-63.86,80.38,73,50,8.61,scattered clouds
302,Prado,BR,-17.34,-39.22,80.67,67,0,9.69,clear sky
303,Disna,BY,55.57,28.2,34.97,95,100,12.88,light snow
304,Samana,DO,19.21,-69.34,84.2,74,40,6.93,scattered clouds
305,Honiara,SB,-9.43,159.95,75.2,94,40,3.36,scattered clouds
306,Redlands,US,34.06,-117.18,63.0,18,1,3.36,clear sky
307,Shakhunya,RU,57.68,46.61,6.75,96,84,4.85,broken clouds
308,Guerrero Negro,MX,27.98,-114.06,64.22,34,0,22.15,clear sky
309,Bukama,CD,-9.2,25.85,71.24,93,100,1.86,moderate rain
310,Nueva Loja,EC,0.08,-76.88,82.4,78,75,2.24,shower rain
311,Kazerun,IR,29.62,51.65,53.51,70,1,0.36,clear sky
312,Rocha,UY,-34.48,-54.33,74.77,74,91,12.06,moderate rain
313,Banfora,BF,10.63,-4.77,80.87,14,0,4.5,clear sky
314,Kaniama,CD,-7.57,24.18,67.69,93,100,2.19,overcast clouds
315,Kristiansund,NO,63.11,7.73,37.4,74,0,6.93,clear sky
316,Hamilton,US,39.18,-84.53,57.2,58,90,21.92,moderate rain
317,Mezen,RU,65.85,44.24,3.79,93,94,8.57,overcast clouds
318,Coquimbo,CL,-29.95,-71.34,68.0,72,0,16.11,clear sky
319,Grand Gaube,MU,-20.01,57.66,78.01,81,25,7.0,light rain
320,Asau,RO,46.43,26.4,37.0,77,0,4.76,clear sky
321,Ambon,ID,-3.7,128.18,80.01,14,100,5.44,moderate rain
322,Talara,PE,-4.58,-81.27,82.4,58,0,19.46,clear sky
323,Sambava,MG,-14.27,50.17,76.48,82,0,10.6,clear sky
324,Izvor,MK,42.2,21.58,57.2,50,75,18.34,broken clouds
325,Sedhiou,SN,12.71,-15.56,95.0,34,0,6.33,clear sky
326,Allapalli,IN,19.42,80.07,62.64,62,56,2.04,broken clouds
327,Khandyga,RU,62.67,135.6,-43.13,79,55,2.26,broken clouds
328,Green River,US,41.53,-109.47,21.2,57,40,19.46,scattered clouds
329,Margate,GB,51.38,1.39,37.0,83,100,9.62,overcast clouds
330,Aloleng,PH,16.13,119.78,79.25,79,90,12.53,overcast clouds
331,Norman Wells,CA,65.28,-126.83,-2.2,77,40,14.99,scattered clouds
332,Yulara,AU,-25.24,130.99,71.6,19,0,6.93,clear sky
333,Gua Musang,MY,4.88,101.96,70.81,93,100,1.23,overcast clouds
334,Antofagasta,CL,-23.65,-70.4,75.0,73,20,18.34,few clouds
335,Kolyvan,RU,55.31,82.74,-4.0,70,100,15.66,overcast clouds
336,Bama,NG,11.52,13.69,73.96,22,0,9.6,clear sky
337,Vondrozo,MG,-22.82,47.28,65.21,100,41,3.38,light rain
338,Amazar,RU,53.86,120.88,-17.23,81,0,4.18,clear sky
339,Jiangyan,CN,32.51,120.14,21.0,64,0,3.0,clear sky
340,Brae,GB,60.4,-1.35,39.2,86,40,8.05,light rain
341,Jasper,US,37.2,-94.35,33.8,94,90,10.02,snow
342,Erenhot,CN,43.65,111.98,-1.91,80,0,17.83,clear sky
343,Laguna,US,38.42,-121.42,48.0,81,5,4.7,clear sky
344,Borisoglebskiy,RU,57.26,39.15,24.8,79,90,4.47,overcast clouds
345,Komsomolskiy,UZ,40.43,71.72,28.4,79,90,2.24,mist
346,Plouzane,FR,48.38,-4.62,48.2,87,100,10.29,light rain
347,Muhos,FI,64.81,25.99,27.0,92,90,12.75,overcast clouds
348,Iskateley,RU,67.68,53.15,-20.47,85,0,10.67,clear sky
349,Hunchun,CN,42.87,130.36,3.81,74,81,11.88,broken clouds
350,Fatehpur,IN,25.93,80.8,51.12,46,0,6.31,clear sky
351,Hole Narsipur,IN,12.78,76.24,66.99,90,56,7.54,broken clouds
352,Liepaja,LV,56.54,21.04,30.2,100,100,3.36,overcast clouds
353,Touros,BR,-5.2,-35.46,86.0,62,40,18.34,scattered clouds
354,Novosokolniki,RU,56.35,30.16,34.0,94,100,12.17,light snow
355,Mount Gambier,AU,-37.83,140.77,57.2,71,90,11.41,overcast clouds
356,Korla,CN,41.76,86.15,16.23,83,0,3.24,clear sky
357,Sao Jose Da Coroa Grande,BR,-8.9,-35.15,80.83,73,13,12.62,few clouds
358,Kawambwa,ZM,-9.79,29.08,65.68,94,100,3.58,moderate rain
359,Golden,US,39.76,-105.22,37.99,32,0,3.0,clear sky
360,Ongandjera,NA,-17.88,15.07,77.5,51,100,11.01,overcast clouds
361,Montreal,CA,45.51,-73.59,26.01,68,90,14.99,snow
362,Cocorit,MX,27.58,-109.97,62.6,33,5,8.05,clear sky
363,Muli,MV,2.92,73.57,82.9,75,96,9.31,light rain
364,Alta Floresta,BR,-9.88,-56.09,83.59,77,79,2.35,moderate rain
365,Aasiaat,GL,68.71,-52.87,19.38,94,100,8.93,overcast clouds
366,Tarko-Sale,RU,64.92,77.78,-17.0,79,92,7.96,overcast clouds
367,Houyet,BE,50.19,5.01,39.0,93,100,10.29,overcast clouds
368,Mackenzie,CA,55.3,-123.17,21.2,85,90,4.7,overcast clouds
369,Berlin,DE,52.52,13.41,39.0,89,20,8.05,few clouds
370,Moorhead,US,46.87,-96.77,18.0,78,90,14.99,haze
371,Maniago,IT,46.17,12.71,43.0,93,75,2.24,light rain
372,Avera,US,33.19,-82.53,62.6,72,90,5.82,overcast clouds
373,Desnogorsk,RU,54.15,33.28,35.06,96,100,9.57,overcast clouds
374,Basco,PH,20.45,121.97,64.89,82,100,42.48,overcast clouds
375,Poum,NC,-20.23,164.02,80.42,85,100,15.08,light rain
376,Igra,RU,57.56,53.05,1.09,93,100,6.13,snow
377,Jand,PK,33.43,72.02,47.44,45,0,3.29,clear sky
378,Marystown,CA,47.17,-55.15,29.75,92,100,24.49,overcast clouds
379,Maceio,BR,-9.67,-35.74,84.2,62,40,5.82,scattered clouds
380,The Valley,AI,18.22,-63.06,82.4,65,40,11.41,scattered clouds
381,Northam,GB,51.03,-4.22,37.99,95,98,5.84,overcast clouds
382,Bhadravati,IN,13.87,75.72,70.05,81,1,9.17,clear sky
383,Songling,CN,31.19,120.72,21.99,55,0,1.99,clear sky
384,Kurchum,KZ,48.57,83.65,7.29,93,100,5.35,overcast clouds
385,Pimenta Bueno,BR,-11.67,-61.19,84.52,72,100,4.97,light rain
386,Iqaluit,CA,63.75,-68.51,8.6,65,75,12.75,light snow
387,Maniitsoq,GL,65.42,-52.9,29.08,97,100,14.23,light snow
388,Dandong,CN,40.13,124.39,5.11,74,0,3.47,clear sky
389,Imamoglu,TR,37.27,35.66,64.0,61,0,4.7,clear sky
390,Borovoy,RU,55.43,86.08,6.8,84,90,4.47,light snow
391,Ouesso,CG,1.61,16.05,79.66,61,75,2.84,broken clouds
392,Baykalsk,RU,51.51,104.15,6.17,86,57,2.82,broken clouds
393,Lavrentiya,RU,65.58,-171.0,21.6,97,100,10.18,light snow
394,Verkhoyansk,RU,67.54,133.38,-18.81,86,99,0.31,overcast clouds
395,Bakel,SN,14.9,-12.46,89.55,19,1,8.68,clear sky
396,Nantucket,US,41.28,-70.1,39.2,55,1,12.75,clear sky
397,Los Llanos De Aridane,ES,28.66,-17.92,66.2,72,75,3.36,broken clouds
398,Nova Vicosa,BR,-17.89,-39.37,81.36,66,0,13.47,clear sky
399,Encruzilhada,BR,-15.53,-40.91,79.61,54,57,7.92,broken clouds
400,Tortoli,IT,39.93,9.66,48.2,49,20,11.41,few clouds
401,Padang,ID,-0.95,100.35,75.2,88,90,1.12,overcast clouds
402,Paita,PE,-5.09,-81.11,82.4,58,0,19.46,clear sky
403,Sept-Iles,CA,50.2,-66.38,15.01,61,9,13.87,clear sky
404,Ahipara,NZ,-35.17,173.17,61.41,71,39,4.99,scattered clouds
405,Taksimo,RU,56.34,114.88,-20.29,77,26,4.32,scattered clouds
406,Mogadishu,SO,2.04,45.34,79.66,83,4,19.44,clear sky
407,College,US,64.86,-147.8,12.0,76,75,3.36,broken clouds
408,Polunochnoye,RU,60.87,60.42,-22.09,88,95,1.41,overcast clouds
409,Eyl,SO,7.98,49.82,74.41,69,7,20.29,clear sky
410,Emerald,AU,-23.53,148.17,71.6,100,90,6.93,overcast clouds
411,Belmonte,BR,-15.86,-38.88,82.4,61,40,12.75,scattered clouds
412,Gushikawa,JP,26.35,127.87,51.8,71,75,23.04,light rain
413,Kulhudhuffushi,MV,6.62,73.07,82.4,76,82,11.14,broken clouds
414,Imbituba,BR,-28.24,-48.67,89.6,55,40,5.82,scattered clouds
415,Lagoa,PT,39.05,-27.98,58.82,77,100,17.27,overcast clouds
416,Fort Smith,US,35.39,-94.4,44.6,87,90,6.93,overcast clouds
417,Kibara,TZ,-2.15,33.45,74.88,67,100,4.09,overcast clouds
418,Kwinana,AU,-32.25,115.77,73.0,88,90,10.29,overcast clouds
419,Sechura,PE,-5.56,-80.82,79.03,59,56,12.66,broken clouds
420,Corn Island,NI,12.17,-83.04,80.65,74,92,7.09,overcast clouds
421,Paamiut,GL,61.99,-49.67,33.39,83,100,6.96,light snow
422,Dana Point,US,33.47,-117.7,63.0,60,0,4.0,clear sky
423,Xuddur,SO,4.12,43.89,82.24,45,10,12.57,clear sky
424,Tautira,PF,-17.73,-149.15,84.2,70,40,5.82,scattered clouds
425,Karaton,ID,-6.34,106.1,79.0,88,40,10.29,light rain
426,Kirakira,SB,-10.45,161.92,80.83,76,100,5.28,overcast clouds
427,Iwanai,JP,42.97,140.51,16.88,94,100,2.55,snow
428,Flinders,AU,-34.58,150.86,64.99,85,100,1.01,overcast clouds
429,Miri,MY,4.41,114.01,77.0,94,20,4.34,few clouds
430,Katsuura,JP,35.13,140.3,37.0,26,99,1.01,overcast clouds
431,Keetmanshoop,NA,-26.58,18.13,85.82,29,100,10.0,overcast clouds
432,Storsteinnes,NO,69.24,19.23,30.2,86,75,11.41,broken clouds
433,Gavrilov-Yam,RU,57.3,39.85,24.8,79,90,4.47,overcast clouds
434,Monroe,US,43.15,-77.68,44.01,52,90,20.8,overcast clouds
435,Jos,NG,9.92,8.9,68.36,35,80,5.26,broken clouds
436,Isangel,VU,-19.55,169.27,78.91,82,100,13.2,moderate rain
437,Taft,IR,31.75,54.21,41.0,35,0,4.7,clear sky
438,Santa Lucia,ES,27.91,-15.54,64.4,72,75,8.05,broken clouds
439,Aktanysh,RU,55.72,54.08,7.12,94,100,5.5,overcast clouds
440,Palauig,PH,15.44,119.9,78.3,72,100,6.76,overcast clouds
441,Quesnel,CA,53.0,-122.5,23.0,92,90,3.36,light snow
442,Hobyo,SO,5.35,48.53,77.0,75,0,22.48,clear sky
443,Kjollefjord,NO,70.95,27.35,28.4,63,0,3.36,clear sky
444,Tilichiki,RU,60.47,166.1,1.78,95,92,14.85,overcast clouds
445,Cherskiy,RU,68.75,161.3,-35.1,83,100,3.8,overcast clouds
446,Ayer Tawar,MY,4.3,100.75,77.0,94,40,2.24,scattered clouds
447,Altay,CN,47.87,88.12,6.26,69,100,1.36,overcast clouds
448,Port Lincoln,AU,-34.73,135.87,59.94,85,40,16.44,scattered clouds
449,Hurghada,EG,27.26,33.81,68.0,49,0,12.75,clear sky
450,Marienburg,PL,54.04,19.03,33.01,100,100,3.36,overcast clouds
451,Camopi,GF,3.17,-52.32,81.55,87,24,3.27,moderate rain
452,Greenwood,US,34.17,-82.12,46.99,70,90,8.05,overcast clouds
453,Abbeville,FR,50.1,1.83,39.0,85,100,7.0,overcast clouds
454,Victoria,HK,22.29,114.16,50.0,46,0,1.99,clear sky
455,Praia Da Vitoria,PT,38.73,-27.07,57.2,82,20,17.02,few clouds
456,Pandan,PH,14.05,124.17,80.01,85,100,19.66,overcast clouds
457,Seybaplaya,MX,19.65,-90.67,82.4,61,40,11.41,scattered clouds
458,Palmer,US,42.16,-72.33,36.0,37,75,8.05,broken clouds
459,Waipawa,NZ,-41.41,175.52,59.0,87,93,11.41,overcast clouds
460,Dawei,MM,14.08,98.2,73.65,62,0,9.57,clear sky
461,Kiama,AU,-34.68,150.87,64.99,91,100,1.01,overcast clouds
462,Meadow Lake,US,34.8,-106.54,43.0,47,20,6.93,few clouds
463,Bocana De Paiwas,NI,12.79,-85.12,80.65,74,100,5.01,overcast clouds
464,Ngunguru,NZ,-35.62,174.5,55.0,90,85,7.63,overcast clouds
465,Ormond Beach,US,29.29,-81.06,75.2,69,40,8.05,scattered clouds
466,Ponta Delgada,PT,37.73,-25.67,57.2,82,40,10.29,scattered clouds
467,Miles City,US,46.41,-105.84,19.4,85,75,6.93,broken clouds
468,Cap Malheureux,MU,-19.98,57.61,78.01,81,22,7.0,light rain
469,Olga,RU,43.74,135.29,-2.61,74,0,16.46,clear sky
470,Cockburn Town,TC,21.46,-71.14,78.8,61,40,18.34,scattered clouds
471,Tombouctou,ML,20.0,-3.0,74.52,20,20,3.98,few clouds
472,Langsa,ID,4.47,97.97,74.19,87,100,2.98,overcast clouds
473,Nerchinskiy Zavod,RU,51.31,119.61,-21.01,82,74,2.13,broken clouds
474,Berlevag,NO,70.86,29.09,30.2,54,0,11.41,clear sky
475,Booue,GA,-0.09,11.94,75.63,90,99,1.77,moderate rain
476,Lagos,NG,6.58,3.75,80.42,78,4,6.31,clear sky
477,Usinsk,RU,65.99,57.53,-25.78,83,0,6.2,clear sky
478,Cervo,ES,43.67,-7.41,51.01,92,86,8.01,overcast clouds
479,Upata,VE,8.01,-62.4,73.0,95,100,3.0,overcast clouds
480,Praia,CV,14.92,-23.51,77.0,69,40,21.92,scattered clouds
481,Ostersund,SE,63.18,14.64,26.6,92,75,6.93,light snow
482,Wawa,NG,9.9,4.42,82.47,23,88,2.48,overcast clouds
483,Norsup,VU,-16.07,167.38,81.09,81,97,8.66,moderate rain
484,Stokmarknes,NO,68.56,14.91,33.8,86,0,5.82,clear sky
485,Zomin,UZ,39.96,68.4,25.65,91,0,1.88,clear sky
486,Goderich,CA,43.75,-81.72,35.6,93,100,14.99,light rain
487,Djibo,BF,14.1,-1.63,78.98,16,0,9.24,clear sky
488,Melchor De Mencos,GT,17.07,-89.15,82.4,74,75,6.93,broken clouds
489,Primorsk,UA,46.73,36.34,41.25,82,100,14.61,overcast clouds
490,Camana,PE,-16.62,-72.71,75.11,66,95,7.78,overcast clouds
491,Caravelas,BR,-17.71,-39.25,81.64,65,0,10.74,clear sky
492,Jinji,CN,23.23,110.83,38.07,67,0,5.21,clear sky
493,Ha Tinh,VN,18.33,105.9,57.4,75,100,5.61,overcast clouds
494,Xining,CN,36.62,101.77,7.95,74,40,2.84,scattered clouds
495,Dunedin,NZ,-45.87,170.5,57.0,88,100,8.5,overcast clouds
496,Sao Filipe,CV,14.9,-24.5,75.4,76,58,12.19,broken clouds
497,Olinda,BR,-8.01,-34.86,80.6,69,40,12.75,scattered clouds
498,Cairns,AU,-16.92,145.77,77.0,94,75,2.24,broken clouds
499,Gawler,AU,-34.6,138.73,64.0,63,29,11.99,scattered clouds
500,Santa Rosa,PH,14.31,121.11,80.6,74,75,8.05,light rain
501,Alyangula,AU,-13.85,136.42,80.6,94,75,8.05,broken clouds
502,Tete,MZ,-16.16,33.59,87.8,58,75,3.87,broken clouds
503,Puerto Escondido,MX,15.85,-97.07,84.2,66,40,4.7,scattered clouds
504,Tutoia,BR,-2.76,-42.27,87.8,66,20,18.34,few clouds
505,Fuyu,CN,45.18,124.82,-9.67,86,82,7.58,broken clouds
506,Ust-Maya,RU,60.42,134.53,-39.15,79,100,1.59,overcast clouds
507,Vardo,NO,70.37,31.11,23.0,85,0,12.75,clear sky
508,Wanning,CN,18.8,110.4,58.98,71,100,16.06,overcast clouds
509,Provideniya,RU,64.38,-173.3,20.1,95,97,13.91,overcast clouds
510,Santiago,CL,-33.46,-70.65,90.0,25,0,6.93,clear sky
511,Songkhla,TH,6.83,100.67,75.2,100,20,4.25,few clouds
512,Pacifica,US,37.61,-122.49,53.01,81,40,3.36,scattered clouds
513,Pimentel,PE,-6.84,-79.93,75.2,69,90,12.75,overcast clouds
514,Atar,MR,20.52,-13.05,86.0,16,0,6.93,clear sky
515,Hohhot,CN,40.81,111.65,-13.0,69,0,4.47,clear sky
516,Leinefelde,DE,51.38,10.33,37.99,88,98,1.01,overcast clouds
517,Jacareacanga,BR,-6.22,-57.75,87.8,62,75,4.7,light rain
518,Olafsvik,IS,64.89,-23.71,32.05,92,0,7.54,clear sky
519,Saryozek,KZ,44.36,77.98,12.09,91,0,4.23,clear sky
520,Yerkoy,TR,39.64,34.47,43.95,60,0,2.82,clear sky
521,Oliveira Dos Brejinhos,BR,-12.32,-42.9,91.62,26,0,3.47,clear sky
522,Dneprovskaya,RU,45.62,38.81,43.0,96,100,7.87,overcast clouds
523,Lebedinyy,RU,58.52,125.52,-23.69,87,100,4.72,light snow
524,Jagatsinghapur,IN,20.27,86.17,64.4,82,0,4.36,mist
525,Homer,US,59.64,-151.55,37.0,91,90,16.11,snow
526,Kingaroy,AU,-26.53,151.83,66.2,93,75,8.05,broken clouds
527,Matara,LK,5.95,80.54,76.05,88,13,8.9,few clouds
528,Ustye,RU,59.63,39.74,22.87,98,97,8.21,overcast clouds
529,Sao Raimundo Nonato,BR,-9.02,-42.7,94.35,26,3,6.22,clear sky
530,Tazovskiy,RU,67.47,78.7,-19.68,84,100,8.37,overcast clouds
531,Bilma,NE,18.69,12.92,65.52,23,0,5.93,clear sky
532,Caucaia,BR,-3.74,-38.65,86.0,62,0,18.34,clear sky
533,Alice Town,BS,25.72,-79.3,74.8,74,0,23.69,clear sky
534,Salekhard,RU,66.53,66.6,-19.08,87,83,7.34,broken clouds
535,Marsh Harbour,BS,26.54,-77.06,72.93,72,43,22.53,scattered clouds
536,Sakakah,SA,29.97,40.21,53.6,71,75,6.93,broken clouds
537,Batagay-Alyta,RU,67.8,130.41,-14.93,84,100,4.88,overcast clouds
538,Batagay,RU,67.63,134.63,-24.41,85,100,1.36,overcast clouds
539,Heidelberg,ZA,-26.5,28.36,75.0,61,48,2.01,light rain
540,Key West,US,24.56,-81.78,73.99,88,90,12.75,overcast clouds
541,Vestmannaeyjar,IS,63.44,-20.27,30.2,80,20,5.82,few clouds
542,Antalaha,MG,-14.9,50.28,74.41,85,0,6.46,clear sky
543,Teahupoo,PF,-17.83,-149.27,84.2,70,40,5.82,scattered clouds
544,Umm Kaddadah,SD,13.6,26.69,73.38,21,0,14.34,clear sky
545,Amahai,ID,-3.33,128.92,84.0,91,100,4.56,overcast clouds
546,Acarau,BR,-2.89,-40.12,85.69,62,86,19.17,overcast clouds
547,Sao Joao Da Barra,BR,-21.64,-41.05,77.59,78,39,19.73,scattered clouds
548,Ulaangom,MN,49.98,92.07,-20.27,83,100,1.83,overcast clouds
549,Wahiawa,US,21.5,-158.02,75.0,93,1,6.8,clear sky
550,Broken Hill,AU,-31.95,141.43,66.2,37,0,13.87,clear sky
551,Aktau,KZ,43.65,51.2,23.0,92,0,11.18,clear sky
552,Gewane,ET,10.17,40.65,77.14,46,0,12.01,clear sky
553,Junnar,IN,19.2,73.88,66.7,40,100,3.74,overcast clouds
554,Point Fortin,TT,10.18,-61.68,77.0,6,31,8.99,light rain
555,Madera,US,37.17,-119.83,51.01,76,91,0.45,overcast clouds
556,Fukue,JP,32.69,128.84,38.75,81,100,32.88,light rain
557,Salamiyah,SY,35.01,37.05,50.27,61,0,7.58,clear sky
558,Kuusamo,FI,65.97,29.18,15.8,85,90,10.29,light shower snow
559,Hualmay,PE,-11.1,-77.61,74.82,68,21,8.68,few clouds
560,Aksarka,RU,66.56,67.8,-20.76,88,77,7.83,broken clouds
561,Chicama,PE,-7.84,-79.15,71.6,78,75,9.17,mist
562,Bac Lieu,VN,9.29,105.72,76.05,87,100,4.52,overcast clouds
563,Upala,CR,10.9,-85.01,86.0,55,40,9.17,scattered clouds
564,Camacari,BR,-12.7,-38.32,86.0,58,20,11.41,few clouds
565,Lloydminster,CA,53.28,-110.0,15.8,72,75,10.29,broken clouds
566,La Ligua,CL,-32.45,-71.23,84.2,39,0,12.75,clear sky
567,Oranjemund,NA,-28.55,16.43,63.93,81,3,13.33,clear sky
568,Segovia,ES,41.17,-4.0,37.0,69,20,2.24,few clouds
569,Rorvik,NO,64.86,11.24,35.6,69,0,5.82,clear sky
570,San Policarpo,PH,12.18,125.51,80.92,83,98,5.91,overcast clouds
571,Santa Vitoria Do Palmar,BR,-33.52,-53.37,75.42,76,100,11.36,light rain
572,Snina,SK,48.99,22.15,42.01,92,100,3.15,light rain
573,Morondava,MG,-20.28,44.28,82.0,80,85,9.08,moderate rain
574,Kunming,CN,25.04,102.72,43.0,100,90,6.71,mist
575,Copiapo,CL,-27.37,-70.33,71.6,60,0,12.75,clear sky
576,Kalach-Na-Donu,RU,48.69,43.53,23.0,92,90,11.18,fog
577,Tigil,RU,57.8,158.67,-0.8,92,97,1.16,overcast clouds
578,Praya,CV,14.92,-23.51,77.0,69,40,21.92,scattered clouds
579,Maroantsetra,MG,-15.43,49.73,76.37,83,16,3.8,light rain
580,Nizwa,OM,22.93,57.53,57.87,52,0,5.01,clear sky
581,Coruripe,BR,-10.13,-36.18,81.5,62,0,11.23,clear sky
582,Parati,BR,-23.22,-44.71,84.2,54,75,5.82,broken clouds
583,Masalli,KR,34.8,126.66,17.6,100,89,13.87,light snow
584,Tual,ID,-5.67,132.75,83.77,77,100,13.04,moderate rain
585,Aswan,EG,24.09,32.91,65.43,27,0,11.14,clear sky
586,Chimbote,PE,-9.09,-78.58,73.44,73,86,9.26,overcast clouds
587,Port-Cartier,CA,50.03,-66.87,15.01,61,60,13.87,broken clouds
588,Amapa,BR,1.0,-52.0,89.94,46,98,4.88,overcast clouds
589,Pilar Do Sul,BR,-23.81,-47.72,82.6,65,22,9.04,few clouds
590,Caidian,CN,30.58,114.03,24.8,58,0,4.47,clear sky
591,Ouango,CF,4.31,22.56,79.45,34,100,1.63,overcast clouds
592,Orchard Homes,US,46.86,-114.05,24.8,85,90,3.36,overcast clouds
593,Huejuquilla El Alto,MX,22.6,-103.87,64.33,28,0,21.83,clear sky
594,Lapeer,US,43.05,-83.32,37.99,100,90,10.29,drizzle
595,Richards Bay,ZA,-28.78,32.04,74.03,86,73,7.36,broken clouds
596,Ndele,CF,8.41,20.65,81.99,26,51,4.12,broken clouds
597,Haputale,LK,6.77,80.96,77.0,100,20,5.82,few clouds
598,Inirida,CO,3.87,-67.92,82.31,85,51,3.2,moderate rain
599,Peniche,PT,39.36,-9.38,50.0,83,1,10.07,clear sky
600,Manta,EC,-0.95,-80.73,82.4,65,75,9.17,broken clouds
601,Evensk,RU,61.95,159.23,-3.24,84,99,15.86,overcast clouds
602,Nemuro,JP,43.32,145.57,20.21,90,99,19.73,overcast clouds
603,Sabancuy,MX,18.97,-91.18,82.67,59,0,7.0,clear sky
604,Usevya,TZ,-7.1,31.23,68.14,88,100,2.55,overcast clouds
605,Killybegs,IE,54.63,-8.45,33.01,95,85,1.01,overcast clouds
606,Egvekinot,RU,66.32,-179.17,-1.88,93,100,17.52,light snow
607,Phan Thiet,VN,10.93,108.1,71.42,84,100,5.55,overcast clouds
608,Pirovskoye,RU,57.63,92.27,-13.52,88,100,7.52,overcast clouds
609,Itum-Kale,RU,42.74,45.58,45.7,44,0,7.31,clear sky
610,Maputo,MZ,-25.97,32.59,84.2,79,20,13.87,few clouds
611,Kemijarvi,FI,66.71,27.43,20.8,96,100,8.5,overcast clouds
612,Dauriya,RU,49.93,116.87,-13.09,85,0,9.73,clear sky
613,Jijiga,ET,9.35,42.8,63.41,60,54,6.26,broken clouds
614,San Miguel,SV,13.48,-88.18,91.4,49,0,2.24,clear sky
615,San Andres,CO,12.58,-81.7,86.0,70,40,11.41,light rain
616,Flin Flon,CA,54.77,-101.86,1.4,84,40,4.7,scattered clouds
617,Kariba,ZW,-16.52,28.8,77.67,67,100,2.62,overcast clouds
618,Yablochnyy,RU,47.17,142.07,8.6,71,40,13.42,scattered clouds
619,Axim,GH,4.87,-2.24,80.8,83,18,7.45,few clouds
620,Lindon,US,40.34,-111.72,26.01,79,20,4.7,few clouds
621,Yantal,RU,56.85,105.25,-24.66,81,0,1.45,clear sky
622,Montepuez,MZ,-13.13,39.0,70.36,96,100,3.8,overcast clouds
623,Santiago De Cao,PE,-7.96,-79.24,71.6,78,75,9.17,mist
624,Dwarka,IN,22.24,68.97,67.26,44,0,17.98,clear sky
625,Buchanan,LR,5.88,-10.05,80.62,80,7,7.52,clear sky
626,Qui Nhon,VN,13.77,109.23,71.89,80,100,26.53,light rain
627,Deputatskiy,RU,69.3,139.9,-22.45,88,32,4.18,scattered clouds
628,Haines Junction,CA,60.75,-137.51,13.06,92,87,1.1,overcast clouds
629,Sulangan,PH,11.14,123.72,82.09,80,100,13.62,overcast clouds
630,Oudtshoorn,ZA,-33.59,22.2,66.2,72,75,2.24,broken clouds
631,Sturgeon Bay,US,44.83,-87.38,32.0,79,90,13.87,light snow
632,Mikuni,JP,36.22,136.15,33.8,64,75,18.34,light shower snow
633,Alihe,CN,50.57,123.72,-12.33,75,15,7.94,few clouds
634,Sassandra,CI,4.95,-6.08,79.86,84,41,6.55,scattered clouds
635,Kefamenanu,ID,-9.45,124.48,73.06,91,100,1.41,light rain
636,Baruun-Urt,MN,46.68,113.28,-11.13,83,0,10.42,clear sky
637,Teya,RU,60.38,92.63,-15.05,84,100,3.31,overcast clouds
638,Mahon,ES,39.89,4.27,48.2,70,20,8.05,few clouds
639,Changzhou,CN,31.78,119.97,21.0,65,0,1.01,clear sky
640,Celestun,MX,20.87,-90.4,80.69,60,79,7.54,broken clouds
641,Ariquemes,BR,-9.91,-63.04,82.13,82,54,2.77,broken clouds
642,Bubaque,GW,11.28,-15.83,80.4,78,0,15.5,clear sky
643,Zhoucun,CN,36.82,117.82,14.88,59,0,7.76,clear sky
644,Chardara,KZ,41.25,67.97,29.37,92,0,8.57,clear sky
645,Belaya Gora,RU,68.53,146.42,-27.13,86,100,6.33,overcast clouds
646,Broome,US,42.25,-75.83,35.01,54,40,13.87,scattered clouds
647,Creel,MX,27.75,-107.63,37.6,71,8,10.94,clear sky
648,Kloulklubed,PW,7.04,134.26,77.0,94,75,3.36,broken clouds
649,Houma,US,29.6,-90.72,73.99,69,75,18.34,broken clouds
650,Pitimbu,BR,-7.47,-34.81,87.8,58,40,13.87,scattered clouds
651,Katangli,RU,51.71,143.23,-11.96,84,100,15.84,overcast clouds
652,Aitape,PG,-3.14,142.35,77.9,81,84,4.68,broken clouds
653,Port-Gentil,GA,-0.72,8.78,82.4,83,40,6.93,scattered clouds
654,Acaponeta,MX,22.5,-105.36,72.54,62,76,9.04,light rain
655,Cheyenne,US,41.14,-104.82,30.2,36,1,17.22,clear sky
656,Charagua,BO,-19.8,-63.22,93.2,41,75,12.19,broken clouds
657,Zemlyansk,RU,51.9,38.73,28.4,92,90,11.18,overcast clouds
658,Mount Isa,AU,-20.73,139.5,78.8,69,7,3.36,clear sky
659,Taltal,CL,-25.4,-70.48,73.92,50,22,8.32,few clouds
660,Anadyr,RU,64.75,177.48,6.8,84,75,17.9,broken clouds
661,Mareeba,AU,-17.0,145.43,77.0,94,75,2.24,light rain
662,Ayia Marina,GR,37.75,23.53,62.01,68,0,8.99,clear sky
663,Rincon De La Victoria,ES,36.72,-4.28,52.0,53,0,11.41,clear sky
664,Tingo Maria,PE,-9.29,-76.01,77.0,83,40,4.7,scattered clouds
665,Leninskoye,KZ,41.76,69.39,28.4,92,90,6.93,mist
666,Dongying,CN,37.46,118.49,14.61,60,0,7.96,clear sky
667,Nisia Floresta,BR,-6.09,-35.21,86.0,66,40,17.22,scattered clouds
668,Raudeberg,NO,61.99,5.14,37.0,85,100,2.57,overcast clouds
669,Kununurra,AU,-15.77,128.73,77.0,94,100,4.0,overcast clouds
670,Sao Gabriel Da Cachoeira,BR,-0.13,-67.09,86.0,66,40,8.05,scattered clouds
671,Mecca,SA,21.43,39.83,76.42,71,9,1.14,clear sky
672,Khasan,RU,42.43,130.64,8.08,80,11,18.3,few clouds
673,Havelock,US,34.88,-76.9,61.0,70,57,1.01,broken clouds
674,Ondjiva,AO,-17.07,15.73,73.26,63,100,3.98,overcast clouds
675,Veraval,IN,20.9,70.37,64.94,33,0,15.35,clear sky
676,Kabinda,CD,-6.13,24.48,69.6,93,100,2.77,overcast clouds
677,Perpignan,FR,42.75,2.75,46.99,65,0,10.29,clear sky
678,Toora-Khem,RU,52.47,96.11,-14.31,82,100,0.58,overcast clouds
679,Karaman,TR,37.08,33.25,40.08,70,0,6.46,clear sky
680,Samarai,PG,-10.62,150.67,82.85,75,100,5.03,light rain
681,Atambua,ID,-9.11,124.89,75.24,89,93,1.25,light rain
682,Villazon,BO,-22.09,-65.59,69.53,27,99,11.5,overcast clouds
683,Nyurba,RU,63.28,118.33,-14.85,88,100,7.31,overcast clouds
684,Roald,NO,62.58,6.13,36.0,100,0,3.36,clear sky
685,Magistralnyy,RU,56.17,107.45,-30.35,81,0,0.54,clear sky
686,Brownsville,US,25.9,-97.5,80.6,57,75,31.09,broken clouds
687,Yaan,NG,7.38,8.57,84.56,22,1,2.59,clear sky
